step,trans_type,amount,nameOrig,oldbalanceOrg,nameDest,oldbalanceDest,accountType,isFraud,isFlaggedFraud
11,3,1178930.47,4343,5928.37,1915,21763289.96,1,0,0
22,3,879948.49,4227,0.0,1696,3138794.47,1,0,0
33,3,1029444.42,4538,12152.16,114,3983722.69,1,0,0
12,3,1130975.44,3489,0.0,1171,4675271.86,1,0,0
24,3,1429763.47,4809,0.0,2559,2444696.47,1,0,0
16,3,1085008.17,2101,0.0,71,1890592.64,1,0,0
10,3,998531.04,1516,177246.68,1239,1243710.79,1,0,0
9,3,1756959.0,4837,0.0,1623,13225434.81,1,0,0
8,3,1927555.26,4349,4585.0,2314,79600.65,1,0,0
10,3,852118.6,3647,0.0,788,3218980.73,1,0,0
17,3,799220.61,884,12983.0,355,4533492.35,1,0,0
14,3,1549434.54,858,0.0,1329,3116092.67,1,0,0
16,3,1419691.64,4962,0.0,356,22845880.73,1,0,0
8,3,2630740.88,1292,195.0,519,179690.78,1,0,0
35,3,1564829.79,3811,0.0,1073,11160894.76,1,0,0
10,3,933027.9,3046,942.0,2563,8036.0,1,0,0
11,3,1221336.46,478,500421.88,23,6068338.54,1,0,0
36,3,914838.27,4471,0.0,2458,3519075.74,1,0,0
11,3,1782232.8,4835,145730.0,2611,1165630.2,1,0,0
9,3,965412.39,2420,0.0,188,2355526.49,1,0,0
10,3,712616.88,4495,0.0,800,1032531.97,1,0,0
13,3,745374.55,2528,0.0,2144,7368856.92,1,0,0
8,3,1058454.77,4565,8035.66,118,22070.0,1,0,0
8,3,1799528.72,386,515853.18,2596,10763.0,1,0,0
16,3,1472958.14,3263,29060.99,1635,2038827.17,1,0,0
9,3,3362855.94,4138,170947.54,1420,5780.0,1,0,0
20,3,670358.04,1723,9020.0,1447,1802327.19,1,0,0
42,3,1300115.32,2955,504.0,814,8917493.31,1,0,0
9,3,814499.97,2638,88194.42,1802,6954366.07,1,0,0
10,3,1245436.84,4425,51191.75,123,4069297.2,1,0,0
9,3,1601557.14,3261,577497.33,2380,1938956.08,1,0,0
12,3,1234067.34,2042,0.0,1649,2136482.92,1,0,0
18,3,772397.03,2106,80316.0,2449,3900755.22,1,0,0
14,3,754005.05,1249,208158.0,272,1411413.58,1,0,0
11,3,1913642.09,4245,0.0,2212,183929.72,1,0,0
8,3,1366912.06,2980,0.0,1387,2506046.99,1,0,0
20,3,862140.44,783,0.0,2432,1747069.11,1,0,0
16,3,674846.25,530,3416.0,776,1919744.62,1,0,0
36,3,1411493.93,957,165929.47,913,3523751.89,1,0,0
13,1,161716.42,4414,0.0,1011,9374818.37,0,0,0
36,3,927749.93,4236,9411.0,1860,3096455.84,1,0,0
35,3,1527469.52,88,6547.32,1621,4018434.78,1,0,0
9,3,917000.82,715,312304.4,1331,973003.83,1,0,0
7,3,914395.61,4347,20286.0,1908,1264563.9,1,0,0
24,3,958765.79,1107,0.0,1579,4715148.11,1,0,0
37,3,1001936.76,4431,10141.0,267,1124013.73,1,0,0
9,3,1427186.33,3779,8239.85,645,3000809.3,1,0,0
12,3,2403426.8,4023,0.0,1641,3918161.52,1,0,0
11,3,1820403.66,1970,0.0,421,2359833.96,1,0,0
44,3,924678.58,645,226858.14,382,2561713.48,1,0,0
18,3,945610.06,4943,0.0,1799,5155956.61,1,0,0
18,3,660798.23,3349,1562.56,1200,10908193.87,1,0,0
2,3,1232150.93,622,0.0,1230,1811160.5,1,0,0
34,3,1568223.44,4126,0.0,1782,2676396.27,1,0,0
8,3,1258255.51,4110,261621.0,2244,0.0,1,0,0
16,3,1647378.9,958,12175.03,1411,1768626.91,1,0,0
12,3,791519.16,3382,49164.0,2256,2255272.42,1,0,0
9,3,797986.73,1627,75399.72,2121,975033.54,1,0,0
9,3,1695309.35,4321,0.0,642,2204009.6,1,0,0
9,3,2356426.81,1682,0.0,1884,20097301.11,1,0,0
12,3,1586215.64,1940,0.0,2019,3170459.8,1,0,0
8,3,1463920.48,889,0.0,78,2992429.78,1,0,0
13,3,1208397.29,2026,29703.53,1555,1817183.85,1,0,0
11,3,1316760.11,4444,0.0,250,8615635.26,1,0,0
8,3,2108050.16,129,0.0,2286,8786780.12,1,0,0
8,3,1109744.22,326,5077.0,2409,1617470.22,1,0,0
9,3,2841855.18,4115,325522.6,1349,3492505.9,1,0,0
15,3,667270.38,3918,0.0,2266,20491579.88,1,0,0
15,3,771714.03,4068,0.0,783,2028314.43,1,0,0
12,3,1153642.0,1163,276673.0,2527,2735759.29,1,0,0
11,3,786169.96,2725,0.0,2008,810045.19,1,0,0
8,3,1189511.46,4526,2319.02,1011,2884719.28,1,0,0
17,3,1077279.34,34,23690.0,49,1092150.57,1,0,0
11,3,1682077.77,10,200783.0,1885,5665430.2,1,0,0
13,3,1703171.02,3330,0.0,312,3056265.96,1,0,0
17,3,3636808.09,763,0.0,2423,13478195.81,1,0,0
19,3,819090.59,4157,20900.0,2126,2864375.18,1,0,0
8,3,2304548.56,804,6805.89,2338,12583269.96,1,0,0
8,3,2122141.21,3769,0.0,424,3343259.41,1,0,0
21,3,2350575.25,2661,0.0,35,7446867.93,1,0,0
40,3,960252.82,4014,0.0,2181,5507092.87,1,0,0
9,3,2185503.6,2114,0.0,424,11078143.68,1,0,0
9,3,1171335.45,3262,0.0,607,1291791.68,1,0,0
34,3,941543.2,1907,0.0,802,3717390.69,1,0,0
7,3,915732.43,3961,47407.4,389,4518791.24,1,0,0
9,3,1638434.37,1700,0.0,645,4555113.06,1,0,0
9,3,1530420.39,2061,0.0,864,6191938.31,1,0,0
7,3,1658697.08,851,0.0,1160,5943818.49,1,0,0
20,3,1693591.95,677,0.0,2259,1786385.85,1,0,0
7,3,834813.74,4327,0.0,544,1050820.41,1,0,0
9,3,1994191.72,1553,104763.0,453,0.0,1,0,0
34,3,1564475.81,3130,0.0,919,2984164.66,1,0,0
11,3,714733.89,2690,0.0,1064,913682.16,1,0,0
37,3,2035175.43,1680,0.0,720,8837974.08,1,0,0
36,3,1074515.39,1114,0.0,946,1083474.42,1,0,0
11,3,1442787.93,1446,31841.0,1654,28926.26,1,0,0
13,3,2931298.64,4206,0.0,631,5876002.66,1,0,0
8,3,677160.97,1632,62080.0,707,0.0,1,0,0
18,3,1096999.21,4004,0.0,2198,2871194.31,1,0,0
9,3,1000318.96,4060,21318.0,1152,58925.82,1,0,0
8,3,1185179.07,3660,116569.0,1520,0.0,1,0,0
17,3,1049771.35,4128,0.0,2584,1873407.32,1,0,0
10,3,936232.47,1705,0.0,1033,3516485.75,1,0,0
18,3,1158245.5,2406,0.0,316,5385439.63,1,0,0
14,3,1283587.01,3256,107617.0,1894,541725.53,1,0,0
18,3,1702091.49,4102,0.0,40,12783426.17,1,0,0
8,3,1186002.85,2653,16563.0,1650,0.0,1,0,0
1,3,1867849.02,3318,0.0,2193,2271538.11,1,0,0
37,3,2613720.96,233,88872.38,1772,11335791.14,1,0,0
11,3,2047571.88,2057,0.0,1241,2408258.48,1,0,0
42,3,1057880.48,4710,21723.9,187,6427154.01,1,0,0
10,3,971882.98,3651,0.0,94,3047583.19,1,0,0
8,3,895936.96,1469,9141.0,942,0.0,1,0,0
15,3,1660171.05,2283,0.0,1898,4207935.62,1,0,0
20,3,1017781.28,708,0.0,2417,2866273.07,1,0,0
9,3,2138052.93,3234,7045.0,2142,0.0,1,0,0
10,3,1796438.92,624,52152.0,2098,1820928.55,1,0,0
13,3,1039627.18,2554,204384.0,1673,552006.37,1,0,0
15,3,882474.72,20,151260.19,1891,3653523.96,1,0,0
9,3,2607326.07,350,8983.0,995,0.0,1,0,0
8,3,1913327.42,634,181071.43,404,7549380.41,1,0,0
8,3,1065231.64,1022,87478.86,2193,9253423.14,1,0,0
38,3,1998075.07,2353,0.0,2522,2324782.96,1,0,0
12,3,1527342.43,3561,14758.0,2117,462948.52,1,0,0
9,3,1000802.1,93,0.0,1717,1522759.07,1,0,0
1,3,2317408.88,562,4165916.16,1212,14437052.95,1,0,0
11,3,960886.8,1685,0.0,428,2370541.97,1,0,0
13,3,699992.63,3743,0.0,2095,8326637.73,1,0,0
9,3,1647274.0,4715,31828.0,1553,500807.73,1,0,0
9,3,2546073.24,4274,70597.18,2223,2822297.74,1,0,0
12,3,1352096.64,2190,115930.0,399,1344796.3,1,0,0
9,3,4359014.49,4282,0.0,2538,11638851.66,1,0,0
14,3,1134188.4,1438,164336.97,611,2025910.97,1,0,0
12,3,979408.7,2673,21971.0,2497,1606084.66,1,0,0
13,3,1525631.14,3245,0.0,808,3580268.93,1,0,0
11,3,1243793.6,2041,0.0,2502,2606156.98,1,0,0
11,3,650826.53,2836,1006505.4,2128,5602219.55,1,0,0
11,3,778669.59,4049,180858.08,2552,2448171.72,1,0,0
37,3,1083248.99,1276,924179.0,1973,2586391.54,1,0,0
13,3,2277380.88,1714,0.0,1675,6790456.7,1,0,0
15,3,1182115.5,4491,1432.0,359,6406125.29,1,0,0
34,3,973147.72,1540,704.0,1047,869784.43,1,0,0
12,3,1479536.93,4465,0.0,2193,18549860.83,1,0,0
13,3,711277.18,3712,0.0,399,2696892.95,1,0,0
7,3,1174905.93,868,0.0,2387,4236145.54,1,0,0
18,3,965377.27,4470,103527.0,333,3840658.89,1,0,0
36,3,1001424.08,1271,0.0,698,5929092.07,1,0,0
41,3,3881825.5,3685,0.0,1599,9423206.26,1,0,0
22,3,942643.03,36,0.0,2116,2194239.19,1,0,0
11,3,663815.13,410,0.0,1295,3410591.19,1,0,0
13,3,1398890.4,1245,3720.0,608,514192.51,1,0,0
15,3,1500024.5,4863,546439.66,1511,15106835.14,1,0,0
9,3,1578052.33,2768,2116766.45,1721,1693858.91,1,0,0
9,3,741065.93,4867,0.0,80,2360327.61,1,0,0
15,3,2621414.86,3170,0.0,1074,6558650.63,1,0,0
16,3,1636397.7,921,0.0,2102,1672850.96,1,0,0
9,3,1659554.76,2892,1802046.35,1564,0.0,1,0,0
9,3,1149748.09,4168,0.0,2022,6633045.05,1,0,0
13,3,1484493.52,136,478338.39,1418,1709508.39,1,0,0
12,3,964185.44,4830,0.0,713,1480511.02,1,0,0
13,3,1452064.3,2392,15742.18,211,2198723.31,1,0,0
8,3,653333.89,3043,29863.0,1173,345021.12,1,0,0
9,3,946469.15,2048,749889.0,1385,0.0,1,0,0
16,3,820852.07,518,0.0,1514,3205806.61,1,0,0
10,3,1172973.91,2099,6867.0,2492,0.0,1,0,0
13,3,904830.54,4289,0.0,663,3058412.67,1,0,0
15,3,729226.76,4310,0.0,37,1356434.82,1,0,0
8,3,1342497.54,3427,0.0,2338,15126378.7,1,0,0
15,3,763381.32,1543,0.0,210,5705936.35,1,0,0
9,3,1839424.91,4722,325324.48,210,3126862.07,1,0,0
9,3,2157296.1,3902,0.0,1325,2366855.31,1,0,0
34,3,1321253.24,890,0.0,1605,3067073.79,1,0,0
10,3,987119.01,4813,0.0,373,2109752.87,1,0,0
17,3,2879306.07,1717,0.0,1693,3034932.64,1,0,0
9,3,1317028.14,189,0.0,426,5210635.62,1,0,0
8,3,1854669.73,3397,0.0,529,2114238.16,1,0,0
3,3,2837270.65,2268,0.0,2620,9126860.4,1,0,0
13,3,1696220.06,191,0.0,296,2046451.82,1,0,0
41,3,1241307.3,2814,0.0,16,11306567.04,1,0,0
20,3,1536685.21,983,0.0,310,5954659.83,1,0,0
33,3,990703.7,557,0.0,2106,7126303.57,1,0,0
12,3,919732.45,864,68688.29,985,8718893.98,1,0,0
10,3,963365.47,2240,0.0,1999,1270966.83,1,0,0
9,3,1175872.01,1021,199154.57,1752,12152320.76,1,0,0
13,3,1751672.7,4375,61192.0,1273,1821872.45,1,0,0
41,3,1121646.66,3688,390731.45,1609,5575489.68,1,0,0
44,3,1186883.69,2047,0.0,1436,3531752.07,1,0,0
8,3,907668.06,226,11491.0,558,225710.32,1,0,0
16,3,976254.86,4671,0.0,2256,2925425.64,1,0,0
14,3,1728392.25,3589,29876.0,1430,2923716.71,1,0,0
12,3,1614475.85,591,0.0,462,3992738.11,1,0,0
14,3,699094.16,3079,0.0,268,9074080.07,1,0,0
13,3,707878.44,2536,0.0,698,4040313.81,1,0,0
9,3,848783.2,255,0.0,947,1380066.56,1,0,0
10,3,689701.54,139,31609.63,1486,1430401.81,1,0,0
20,3,754662.23,3378,0.0,2525,7340098.5,1,0,0
35,3,1205110.6,2549,0.0,1958,5124710.09,1,0,0
48,3,3076309.98,2215,0.0,1347,8624005.55,1,0,0
10,3,2380818.48,1443,0.0,1845,15034581.93,1,0,0
45,3,1914938.76,2359,0.0,476,5560386.72,1,0,0
33,3,1066831.67,3778,53854.25,1235,3720360.03,1,0,0
8,3,1164145.38,4419,5971.0,2097,156663.0,1,0,0
9,3,1204979.95,743,52791.0,907,0.0,1,0,0
8,3,913388.59,1823,21139.0,507,180507.62,1,0,0
8,3,1585379.48,4253,0.0,1851,2021394.66,1,0,0
20,3,675762.41,962,23939.07,2398,6391022.45,1,0,0
13,3,1062596.92,2783,0.0,1559,3238903.8,1,0,0
12,3,882305.65,4857,0.0,1340,2228207.7,1,0,0
18,3,807998.12,349,0.0,1953,1610605.9,1,0,0
8,3,866364.56,1607,1713718.4,709,40432.0,1,0,0
10,3,1557887.09,4454,22135.0,1786,93266.13,1,0,0
14,3,651295.51,621,0.0,593,12294601.94,1,0,0
9,3,2189519.17,2389,0.0,1425,2505059.73,1,0,0
14,3,2115022.29,2232,0.0,2358,4006052.11,1,0,0
19,3,869372.31,4114,0.0,1206,3667682.07,1,0,0
11,3,1077203.58,520,0.0,237,8783673.63,1,0,0
8,3,678793.85,881,12110.0,2345,32329.22,1,0,0
11,3,1300007.24,2542,0.0,214,3824918.05,1,0,0
16,3,870687.25,2397,0.0,1537,1605908.04,1,0,0
9,3,1692136.64,3471,259163.06,274,3043498.97,1,0,0
38,3,1103271.9,413,766.0,1837,1820250.09,1,0,0
9,3,1994535.2,575,18461.0,1392,0.0,1,0,0
7,3,1686679.57,4870,0.0,1845,2297887.4,1,0,0
10,3,1603200.57,2199,70240.0,2235,0.0,1,0,0
10,3,1743162.48,2388,11101.0,918,639583.9,1,0,0
11,3,1340795.69,2351,0.0,2327,2963933.12,1,0,0
8,3,1955577.19,4593,20874.0,442,0.0,1,0,0
36,3,987684.18,596,0.0,615,1905916.08,1,0,0
7,3,681857.19,1588,14579.0,1533,11429.0,1,0,0
38,3,1287071.72,4562,398562.0,1990,3207975.99,1,0,0
14,3,838449.16,2029,0.0,2466,3698497.07,1,0,0
17,3,995379.91,1661,24053.25,1615,4534578.38,1,0,0
8,3,663821.77,4609,48745.0,2494,30762.0,1,0,0
13,3,958560.2,4205,0.0,743,7142488.01,1,0,0
13,3,876674.76,2051,0.0,1920,7023250.8,1,0,0
46,3,3356451.23,1210,0.0,1928,9016115.76,1,0,0
14,3,1068716.24,2214,0.0,1717,5834131.73,1,0,0
37,3,1525438.38,4868,0.0,126,6903298.92,1,0,0
15,3,1144344.6,3196,10803.0,427,393939.44,1,0,0
22,3,1048750.3,4575,0.0,2262,3127596.61,1,0,0
43,3,1204667.46,2383,0.0,1219,22909994.15,1,0,0
7,3,1685701.48,3703,0.0,1092,4146681.04,1,0,0
36,3,1265887.9,295,0.0,1912,3767135.85,1,0,0
1,3,700967.19,1654,15383.0,81,50767.43,1,0,0
17,3,955651.46,251,0.0,2150,7514647.85,1,0,0
16,3,2061966.29,1396,0.0,457,2490419.23,1,0,0
10,3,2926999.32,2247,0.0,1110,6537708.43,1,0,0
14,3,1317911.46,296,51588.37,2341,3971080.15,1,0,0
44,3,879904.8,1564,0.0,1403,7462126.33,1,0,0
18,3,1116238.76,1633,0.0,177,3032625.91,1,0,0
15,3,726021.85,1854,1058.0,1196,958468.47,1,0,0
8,3,1955777.01,2079,137804.0,945,0.0,1,0,0
15,3,1464068.1,4700,0.0,1893,2705961.96,1,0,0
13,3,1327123.87,1215,142.0,95,282679.33,1,0,0
16,3,917368.88,4381,0.0,1712,4112100.77,1,0,0
10,3,967260.27,985,130542.0,2335,417261.78,1,0,0
15,3,1078423.93,1745,0.0,1298,5160771.91,1,0,0
9,3,837459.8,2703,0.0,1458,1714815.87,1,0,0
9,3,2098656.65,527,179722.35,406,8553915.89,1,0,0
40,3,979110.25,4418,240244.91,2405,4399945.43,1,0,0
35,3,1431279.4,933,954.0,2525,8094760.72,1,0,0
41,3,1177123.82,4121,0.0,1499,4232134.52,1,0,0
33,3,837609.52,4294,0.0,2,2740034.42,1,0,0
9,3,1320077.68,3847,0.0,563,16517695.13,1,0,0
16,3,1223659.71,318,0.0,2186,3440558.39,1,0,0
9,3,783930.29,1298,5031.0,663,13335.98,1,0,0
9,3,1872313.47,237,0.0,2219,16510997.81,1,0,0
20,3,2515649.03,2729,0.0,1827,3665570.71,1,0,0
42,3,1919534.44,4656,0.0,221,2369745.73,1,0,0
10,3,865955.63,90,8749.0,570,12575234.56,1,0,0
8,3,1185784.53,2036,119552.86,2267,30808.33,1,0,0
7,3,2234288.78,4493,0.0,2187,5743757.61,1,0,0
14,3,1439266.17,3696,238812.18,2134,10355741.02,1,0,0
43,3,1554264.43,713,0.0,1250,5664216.3,1,0,0
36,3,906088.8,3454,0.0,1454,6177256.91,1,0,0
10,3,2507447.05,4088,0.0,840,3854455.48,1,0,0
41,3,878002.46,692,0.0,619,1697395.88,1,0,0
38,3,1403648.58,1827,21040.65,683,8854420.69,1,0,0
12,3,749694.52,2234,0.0,1692,4627600.22,1,0,0
15,3,941991.06,3177,0.0,1396,3836071.31,1,0,0
12,3,983809.56,4266,0.0,1767,2461440.44,1,0,0
11,3,786795.15,2416,0.0,1443,2892830.5,1,0,0
9,3,1447305.51,3383,55278.0,1964,63070.11,1,0,0
13,3,908431.55,2339,3007.0,1949,4526438.43,1,0,0
33,3,907233.88,796,0.0,1614,3242331.96,1,0,0
11,3,769296.08,3232,0.0,19,2167268.65,1,0,0
13,3,1966676.58,2947,0.0,1494,10050938.87,1,0,0
35,3,1058383.61,1819,0.0,509,5091189.33,1,0,0
11,3,1002087.55,2434,0.0,1377,16028518.39,1,0,0
18,3,973396.97,218,52186.0,2066,394038.4,1,0,0
12,3,935786.38,918,0.0,2097,5501068.93,1,0,0
13,3,1027501.32,511,0.0,1428,7671082.34,1,0,0
15,3,1794494.45,1772,0.0,2189,3064144.35,1,0,0
11,3,1836739.74,4594,49692.0,1398,777596.56,1,0,0
11,3,1128447.61,1850,65439.0,890,0.0,1,0,0
9,3,1337906.92,3626,31941.0,1674,0.0,1,0,0
9,3,2248861.53,3100,0.0,289,9175628.64,1,0,0
10,3,1536312.01,4589,20428.0,1467,197057.99,1,0,0
9,3,1658304.96,2084,6336.57,1445,38423.47,1,0,0
18,3,716305.02,792,0.0,1258,1086435.62,1,0,0
47,3,2230764.53,2271,130117.29,514,11788352.04,1,0,0
18,3,1360663.82,2807,0.0,2186,4853617.32,1,0,0
11,3,1226206.45,3166,0.0,1480,6916854.48,1,0,0
12,3,1056859.94,4827,0.0,393,1179766.79,1,0,0
19,3,865947.8,2499,286439.9,1954,4846980.13,1,0,0
9,3,1611762.94,3366,7431.0,1759,0.0,1,0,0
17,3,1147135.52,600,439355.54,499,4181565.29,1,0,0
11,3,2304374.23,940,465318.28,1531,3546164.57,1,0,0
17,3,1649223.43,2602,0.0,552,2699662.41,1,0,0
16,3,1281781.84,785,0.0,1131,5972748.82,1,0,0
17,3,1443053.63,953,0.0,176,3645134.3,1,0,0
262,2,13244.02,133,13510.0,2669,0.0,0,0,0
17,3,724296.37,2125,0.0,2399,7063061.01,1,0,0
8,3,1231490.69,754,689.0,1687,0.0,1,0,0
14,3,1226657.39,923,0.0,2378,4388074.64,1,0,0
9,3,1228536.54,581,190.0,2182,104990.41,1,0,0
11,3,1405807.01,4326,0.0,1201,2654026.82,1,0,0
9,3,967997.02,1647,0.0,993,1094269.57,1,0,0
10,3,840265.69,3912,21159.0,1957,52831.5,1,0,0
18,3,727569.13,64,0.0,1670,3784140.88,1,0,0
9,3,1958519.83,1629,0.0,2328,2221896.13,1,0,0
8,3,1257149.12,673,746.0,681,1652420.62,1,0,0
15,3,652819.34,3408,0.0,62,2096878.87,1,0,0
8,3,2420979.43,1401,100811.0,1074,131195.74,1,0,0
16,3,816037.69,4779,104394.0,441,7790435.88,1,0,0
8,3,1019831.31,1909,5029.0,6,0.0,1,0,0
14,3,1420352.69,2614,0.0,942,3584968.87,1,0,0
7,3,1055284.91,1465,0.0,2193,5410482.23,1,0,0
10,3,766412.02,4947,0.0,734,2296776.19,1,0,0
14,3,1896768.98,892,0.0,260,3252411.1,1,0,0
45,3,3413638.85,198,0.0,898,4034920.72,1,0,0
15,3,1164723.85,1098,0.0,27,6478580.18,1,0,0
1,3,2441078.3,2277,0.0,2195,8996943.02,1,0,0
10,3,992874.47,104,9774.0,1031,3958428.21,1,0,0
9,3,1734792.81,2336,868588.23,111,2359894.26,1,0,0
9,3,889577.5,3630,0.0,1930,2312841.77,1,0,0
10,3,1292606.48,4616,0.0,2398,1392163.09,1,0,0
8,3,3520997.05,2348,245038.58,1647,11207460.83,1,0,0
10,3,2986350.61,639,100.0,741,261954.72,1,0,0
15,3,781641.46,2912,0.0,2166,1861682.09,1,0,0
41,3,878394.19,4040,0.0,2321,4357216.59,1,0,0
17,3,1270714.24,4144,0.0,122,1347957.16,1,0,0
23,3,866625.89,1538,0.0,1836,2855558.39,1,0,0
8,3,2029109.94,3280,23075.0,782,1177.0,1,0,0
10,3,668415.75,927,0.0,416,1219800.28,1,0,0
18,3,787042.39,1665,0.0,959,3340286.97,1,0,0
35,3,1090053.67,4021,0.0,1446,2431378.09,1,0,0
39,3,884074.05,3040,0.0,2165,1040678.72,1,0,0
25,3,1823022.57,2010,47782.55,820,6209438.41,1,0,0
12,3,1081048.9,859,0.0,2169,3637003.6,1,0,0
11,3,2322250.5,4889,111255.68,1146,3330926.8,1,0,0
40,3,1585116.6,623,0.0,1392,8996795.75,1,0,0
8,3,1164391.46,2022,513.0,2098,0.0,1,0,0
12,3,2100460.54,4002,290908.0,939,5981084.78,1,0,0
38,3,2218129.34,2917,0.0,1114,3739562.42,1,0,0
10,3,747791.31,4024,0.0,521,1279579.66,1,0,0
14,3,1036871.23,3324,0.0,2320,2734222.61,1,0,0
7,3,941502.27,893,0.0,307,2120721.65,1,0,0
36,3,1164396.61,4031,0.0,956,1717801.56,1,0,0
16,3,918665.2,4257,0.0,750,1730264.25,1,0,0
10,3,2846687.78,4720,394230.38,2300,0.0,1,0,0
21,3,726137.33,4904,0.0,276,1110332.95,1,0,0
42,3,972803.08,1347,254056.0,1409,2300475.69,1,0,0
9,3,2416547.94,2500,0.0,250,2498734.39,1,0,0
9,3,916867.99,1349,0.0,322,1680547.73,1,0,0
10,3,993590.18,181,0.0,1546,1638057.11,1,0,0
22,3,1276058.2,2436,0.0,2138,2003964.7,1,0,0
11,3,1434262.31,862,48717.0,240,899935.63,1,0,0
38,3,975076.17,1218,0.0,1912,5165705.47,1,0,0
9,3,1425022.44,1411,0.0,1603,4278233.84,1,0,0
13,3,932300.74,4817,0.0,1550,2038120.45,1,0,0
10,3,1136816.0,2167,86944.0,1384,636908.07,1,0,0
42,3,794978.0,3693,0.0,1615,5598948.55,1,0,0
13,3,940299.11,1108,9934.0,2354,5525408.65,1,0,0
8,3,1115698.3,3093,925.0,2129,78506.95,1,0,0
7,3,736191.4,2473,20973.0,430,28330.5,1,0,0
11,3,1483095.44,1460,0.0,2112,1722269.22,1,0,0
8,3,1321660.45,2510,1423731.22,1107,2308491.58,1,0,0
12,3,781976.96,3481,47697.0,1200,6802028.38,1,0,0
9,3,3081934.29,1951,10651.0,155,5430.0,1,0,0
12,3,894240.49,4271,87366.07,823,8921422.24,1,0,0
10,3,1134960.55,3588,45138.56,1839,1581825.11,1,0,0
36,3,1046190.6,1650,0.0,1175,2844516.5,1,0,0
18,3,1300308.64,979,0.0,1529,2149012.44,1,0,0
42,3,1854914.42,4312,0.0,731,4248617.06,1,0,0
11,3,1336425.3,584,0.0,669,6187554.96,1,0,0
9,3,827498.15,1091,0.0,1269,2218378.88,1,0,0
37,3,1025967.2,1259,692.0,409,5779317.24,1,0,0
9,3,1746358.49,1832,0.0,369,2478850.86,1,0,0
9,3,4050368.47,3611,110463.76,863,11728980.99,1,0,0
14,3,2657237.1,647,0.0,253,6334997.65,1,0,0
10,3,1742441.59,381,21073.0,1757,174315.34,1,0,0
21,3,674115.63,703,0.0,1082,2258712.59,1,0,0
12,3,1229922.53,845,9229.0,851,3153210.99,1,0,0
8,3,670507.3,1209,1462393.27,1032,1446635.12,1,0,0
14,3,1079899.94,1599,0.0,1146,6382414.86,1,0,0
9,3,1748862.51,451,0.0,123,2153931.55,1,0,0
9,3,747345.86,406,0.0,1743,1790879.29,1,0,0
18,3,677800.75,4449,12797.0,760,524643.45,1,0,0
9,3,1141431.34,2613,442.0,2400,3562.0,1,0,0
39,3,810280.15,3219,0.0,1416,10499640.24,1,0,0
10,3,2225918.39,745,376.0,712,3668388.27,1,0,0
12,3,1508046.28,1535,12890.0,1184,165785.94,1,0,0
9,3,1433499.54,3325,114.0,2019,91607.78,1,0,0
15,3,721060.35,1737,9437.0,2178,3148804.56,1,0,0
7,3,1039778.19,4642,14230.4,649,10738.0,1,0,0
8,3,668102.2,1577,192826.79,895,3138580.06,1,0,0
15,3,868952.46,2393,20284.0,593,12722992.59,1,0,0
36,3,1041184.79,875,11106.0,1297,1785576.74,1,0,0
10,3,1820480.87,791,29700.0,789,0.0,1,0,0
36,3,811596.77,3288,0.0,481,9423695.31,1,0,0
9,3,684948.12,262,0.0,1485,3466336.69,1,0,0
13,3,1635599.02,4330,0.0,601,2305570.84,1,0,0
42,3,1094018.66,822,0.0,1532,5319479.49,1,0,0
20,3,900626.42,3343,239805.14,1777,3974694.43,1,0,0
13,3,1125775.71,3806,30904.0,1146,5256639.15,1,0,0
9,3,744911.4,4305,0.0,1403,1841597.31,1,0,0
9,3,1884744.5,3364,34945.0,1456,0.0,1,0,0
21,3,997412.04,3840,0.0,1103,8615170.18,1,0,0
20,3,898996.58,1343,15628.73,2,1841037.85,1,0,0
9,3,1670535.15,2505,21184.0,1323,0.0,1,0,0
12,3,1469726.83,569,0.0,130,6330815.46,1,0,0
33,3,815327.26,3229,0.0,1261,1681031.12,1,0,0
11,3,2973423.49,698,216661.0,2331,712968.97,1,0,0
44,3,883784.31,1490,0.0,406,13917793.93,1,0,0
40,3,1047051.7,2107,0.0,788,8646758.26,1,0,0
12,3,759389.6,559,0.0,2101,4200918.88,1,0,0
17,3,1429178.68,3625,0.0,2648,1496248.22,1,0,0
13,3,1222319.16,4184,0.0,1902,8544494.06,1,0,0
20,3,2505263.01,3777,0.0,1121,17730982.13,1,0,0
9,3,1988744.07,1134,52235.0,2385,283.0,1,0,0
8,3,1053325.99,871,10151.0,2038,2296174.43,1,0,0
10,3,1298300.32,339,0.0,227,2046782.47,1,0,0
12,3,2045711.55,4537,17863.16,2570,2970529.35,1,0,0
47,3,1313194.2,1294,0.0,1485,11224333.95,1,0,0
19,3,2066852.87,2296,0.0,643,6799759.88,1,0,0
8,3,1123900.09,2870,0.0,866,13461485.41,1,0,0
10,3,2011232.5,2217,2678336.22,2314,13678970.62,1,0,0
6,3,1394793.88,3250,0.0,2393,13181352.26,1,0,0
18,3,1569949.04,963,0.0,940,2981742.09,1,0,0
8,3,897199.8,2959,0.0,77,12551060.09,1,0,0
8,3,1190779.93,2489,69489.0,1044,46728.3,1,0,0
18,3,963180.52,626,0.0,448,3928066.94,1,0,0
9,3,1119420.45,3534,7931.0,309,0.0,1,0,0
11,3,957073.34,1326,192815.93,764,4609783.36,1,0,0
9,3,1489282.28,2437,9108.0,234,0.0,1,0,0
13,3,1092430.44,4784,0.0,1727,4816939.73,1,0,0
8,3,908481.19,2276,0.0,2443,1274999.87,1,0,0
20,3,2813144.97,1342,0.0,836,4667211.43,1,0,0
41,3,1264090.22,4342,52748.89,503,6212448.35,1,0,0
20,3,1051203.72,3706,0.0,468,1620564.32,1,0,0
10,3,1304968.83,2611,59743.0,1774,0.0,1,0,0
10,3,1638076.88,277,408977.14,1765,175024.95,1,0,0
33,3,1387317.76,905,0.0,2101,10710165.77,1,0,0
17,3,1722950.72,742,0.0,687,3026577.92,1,0,0
6,3,1781452.87,4516,0.0,2334,11751840.87,1,0,0
8,3,1549461.21,860,0.0,40,5739012.22,1,0,0
10,3,1658925.96,3505,0.0,2319,2366867.63,1,0,0
11,3,1799281.67,1725,316.0,2245,0.0,1,0,0
9,3,933926.35,292,0.0,206,1493405.23,1,0,0
11,3,1248762.18,3491,0.0,2614,4120580.18,1,0,0
20,3,816340.12,3473,5225.0,208,347843.64,1,0,0
35,3,934820.34,3362,0.0,1527,4767648.33,1,0,0
11,3,1479228.17,2824,31463.0,837,0.0,1,0,0
10,3,981311.65,3022,43270.0,1986,825209.78,1,0,0
13,3,1216417.11,3802,0.0,1316,1387792.45,1,0,0
10,3,1551184.55,2800,793103.0,879,2798760.5,1,0,0
8,3,1298750.0,2991,0.0,1883,1451241.25,1,0,0
13,3,1346912.9,356,3049.0,1215,2208581.59,1,0,0
36,3,1415332.68,4859,0.0,1485,7702628.2,1,0,0
7,3,1292069.69,2062,29507.06,1383,1906158.59,1,0,0
17,3,937744.98,1059,0.0,1997,2276662.99,1,0,0
18,3,1255392.75,2309,618008.85,2255,2520522.69,1,0,0
14,3,808827.67,3784,0.0,1350,1827633.9,1,0,0
12,3,1327395.85,3069,61699.0,1961,2049554.14,1,0,0
13,3,721766.0,850,0.0,441,6069440.95,1,0,0
7,3,1675530.06,4426,0.0,1482,4901809.61,1,0,0
9,3,1840394.8,1890,2108.0,1050,20649.0,1,0,0
10,3,912069.82,3884,51171.0,1581,63395.26,1,0,0
11,3,1110092.28,1253,1053.0,1636,117141.01,1,0,0
12,3,664265.23,2775,0.0,436,5127793.78,1,0,0
35,3,919703.85,1583,420.0,2012,5334157.94,1,0,0
20,3,942388.12,3453,37218.0,1008,3582890.94,1,0,0
9,3,1928390.99,230,15539.0,2393,27029212.78,1,0,0
43,3,2671150.75,1330,0.0,2160,4764917.08,1,0,0
8,3,824928.55,3507,20231.0,1327,46294.5,1,0,0
9,3,2378501.68,1072,0.0,363,3793534.31,1,0,0
17,3,1241407.94,15,0.0,1513,2445394.01,1,0,0
9,3,2836970.59,4134,0.0,2393,24192242.19,1,0,0
36,3,1275691.94,2950,367478.12,495,4435198.72,1,0,0
10,3,2746937.4,542,1727115.39,891,45985.42,1,0,0
13,3,1417002.89,4543,290610.29,1284,1444111.25,1,0,0
15,3,912078.88,4007,0.0,1920,8349663.48,1,0,0
18,3,1120129.35,214,0.0,1639,3980003.13,1,0,0
18,3,1675220.46,1617,0.0,877,12952819.37,1,0,0
9,3,701843.53,65,0.0,1623,16978022.66,1,0,0
18,3,1094691.58,278,149084.0,2111,1167673.63,1,0,0
18,3,1464454.64,4191,0.0,1381,12318759.28,1,0,0
20,3,939570.63,572,0.0,2579,2309114.96,1,0,0
10,3,649331.56,1810,0.0,1883,4882216.2,1,0,0
12,3,692385.07,1296,0.0,364,8159685.41,1,0,0
8,3,1966746.31,2072,56202.0,2496,0.0,1,0,0
19,3,1304779.87,1938,0.0,58,3120899.59,1,0,0
8,3,1893337.96,3548,183611.0,1698,49418.08,1,0,0
12,3,1559722.32,2896,0.0,265,4541528.85,1,0,0
9,3,868355.71,2724,0.0,769,2371489.49,1,0,0
8,3,693536.71,2141,0.0,286,3650961.01,1,0,0
10,3,657142.82,227,0.0,1326,1219858.31,1,0,0
35,3,1263499.44,118,116248.25,2368,2570828.41,1,0,0
9,3,3178399.27,3200,0.0,2309,6202285.5,1,0,0
7,3,1419119.02,2159,36371.0,222,90765.0,1,0,0
36,3,826774.18,2025,0.0,1285,5142919.62,1,0,0
13,3,1030797.86,3281,0.0,1228,3041052.35,1,0,0
10,3,1118033.89,105,119.0,72,81179.0,1,0,0
20,3,1285007.51,390,0.0,834,1809025.78,1,0,0
11,3,1172811.37,2423,0.0,1876,1570650.14,1,0,0
10,3,2779197.58,1150,404743.0,337,0.0,1,0,0
18,3,2651575.81,26,0.0,2375,2953414.67,1,0,0
21,3,1421050.79,3031,0.0,439,3473444.46,1,0,0
35,3,908653.47,4797,0.0,311,4225219.68,1,0,0
20,3,1541996.4,2137,0.0,2536,2502009.11,1,0,0
11,3,1897143.17,637,0.0,926,2047469.64,1,0,0
20,3,1675301.71,2488,0.0,414,8940421.46,1,0,0
13,3,1184777.38,2756,0.0,2633,3156146.35,1,0,0
10,3,3076907.62,3331,0.0,2620,26149443.82,1,0,0
41,3,2590443.57,644,143074.3,1981,7660359.08,1,0,0
9,3,2985031.24,4307,0.0,186,7315811.21,1,0,0
10,3,740937.4,1528,0.0,860,1097021.41,1,0,0
9,3,839440.96,1920,430719.61,942,2215449.36,1,0,0
10,3,1490331.64,3744,564508.61,2132,1257218.27,1,0,0
37,3,1298522.69,2228,99331.0,1600,4209082.48,1,0,0
45,3,918475.95,857,0.0,571,7515962.14,1,0,0
8,3,2921830.63,4816,0.0,673,4807809.17,1,0,0
9,3,1068388.32,145,20378.0,399,82147.0,1,0,0
12,3,1560374.4,4578,0.0,843,3271707.44,1,0,0
16,3,784836.8,4261,0.0,2398,5162928.56,1,0,0
10,3,835163.39,268,0.0,2007,2975296.91,1,0,0
41,3,1524105.29,657,0.0,1266,2072884.75,1,0,0
12,3,678594.72,1366,734.0,2430,0.0,1,0,0
9,3,1547574.2,4302,22169.0,2600,736.0,1,0,0
11,3,1692133.83,3668,0.0,2202,3477579.05,1,0,0
12,3,1424162.9,2874,0.0,2390,2462685.56,1,0,0
9,3,1001852.06,4297,228329.96,2469,1518177.26,1,0,0
16,3,757128.2,1866,0.0,320,1555547.32,1,0,0
10,3,666131.54,801,0.0,870,2628699.64,1,0,0
38,3,902920.66,911,39276.21,1629,3790969.47,1,0,0
11,3,1934299.6,304,0.0,2621,5917050.78,1,0,0
7,3,798540.41,1597,0.0,751,1145076.98,1,0,0
44,3,1218718.49,2418,0.0,2485,25167728.76,1,0,0
10,3,755567.85,1179,11591.0,1355,0.0,1,0,0
9,3,1216089.31,823,41208.0,198,5881699.31,1,0,0
47,3,1290858.83,4361,0.0,1909,5523461.37,1,0,0
21,3,1124891.92,4446,0.0,2227,5384009.34,1,0,0
9,3,1067720.16,2693,0.0,1427,4125895.32,1,0,0
18,3,1602513.27,4887,0.0,978,15692663.14,1,0,0
12,3,2170292.64,3950,5617.0,2106,4266213.61,1,0,0
41,3,1825169.83,4855,0.0,50,4944372.61,1,0,0
9,3,2323393.07,4107,0.0,1667,3788523.51,1,0,0
13,3,1418368.65,3536,206146.0,406,13581935.71,1,0,0
10,3,1411602.63,4740,0.0,2468,4527557.48,1,0,0
11,3,1902204.78,2439,0.0,957,2438611.89,1,0,0
14,3,671096.97,3740,0.0,455,5637168.21,1,0,0
19,3,1470971.12,578,0.0,1067,3146295.14,1,0,0
33,3,1139358.9,115,0.0,2140,4357800.76,1,0,0
10,3,807866.87,3628,0.0,659,909565.01,1,0,0
9,3,1342478.66,4120,29704.0,964,249743.87,1,0,0
42,3,947333.42,2914,3358.0,1155,1894714.85,1,0,0
13,3,903977.91,568,21552.0,244,897557.66,1,0,0
10,3,1165443.24,1088,5184.0,1143,6489417.12,1,0,0
10,3,964219.63,2425,183655.71,2142,1753324.2,1,0,0
15,3,966603.05,248,62371.0,779,1242352.0,1,0,0
9,3,3523735.42,3991,136238.58,2223,5368370.98,1,0,0
33,3,968726.45,1975,0.0,492,3227886.45,1,0,0
19,3,1263439.97,3627,0.0,1438,5820492.89,1,0,0
10,3,2413198.1,3299,30552.0,86,162607.09,1,0,0
15,3,901515.6,2726,96916.71,572,8697510.82,1,0,0
11,3,1078232.69,4744,52516.0,82,548700.35,1,0,0
15,3,1126935.85,3649,0.0,781,4287935.53,1,0,0
18,3,1768116.37,269,0.0,1325,8847800.13,1,0,0
18,3,960489.94,2789,155113.0,1751,2972975.61,1,0,0
10,3,1372125.45,188,577832.98,1411,178313.13,1,0,0
8,3,1565978.49,2218,0.0,1139,9887440.22,1,0,0
38,3,2272210.37,1147,0.0,423,3121707.43,1,0,0
18,3,1178291.51,1504,0.0,22,3310068.39,1,0,0
8,3,1299385.72,583,13829.53,517,2097892.44,1,0,0
14,3,711273.98,4045,36272.0,1586,7226542.42,1,0,0
14,3,1165894.24,3899,0.0,2374,5913682.27,1,0,0
20,3,1594824.53,4637,373144.0,1965,1634093.73,1,0,0
1,3,855931.4,4074,0.0,307,1329839.38,1,0,0
10,3,1716644.17,2257,212574.07,494,18693789.9,1,0,0
11,3,1284312.64,3384,45958.45,2100,1776112.18,1,0,0
12,3,2689265.24,739,0.0,307,7394736.82,1,0,0
21,3,776076.94,725,21158.0,387,22785113.58,1,0,0
21,3,1632615.06,2426,0.0,1612,3099764.14,1,0,0
14,3,773651.07,2751,0.0,213,1447334.87,1,0,0
8,3,1220417.4,361,690793.82,1383,7477666.8,1,0,0
10,3,1740209.13,1926,11239.0,723,66476.86,1,0,0
8,3,1019434.0,3282,0.0,2286,6949013.45,1,0,0
16,3,1322923.73,3375,140086.0,1756,135244.92,1,0,0
10,3,3207507.62,2506,0.0,1623,19447266.01,1,0,0
18,3,1020686.02,3689,0.0,981,4043670.47,1,0,0
41,3,1621819.09,3492,17777.0,604,7465554.17,1,0,0
21,3,763637.32,1642,79286.0,1931,3518648.06,1,0,0
15,3,964911.01,3387,0.0,340,20688767.63,1,0,0
19,3,1671445.27,4284,0.0,2358,6322523.27,1,0,0
17,3,933545.25,2008,0.0,248,6955282.42,1,0,0
38,3,798376.12,3352,0.0,337,8540629.28,1,0,0
36,3,1966793.61,56,386600.23,2252,2834240.11,1,0,0
9,3,1350099.06,895,0.0,2630,2874932.04,1,0,0
10,3,1512931.46,4893,0.0,963,2103743.06,1,0,0
13,3,1704586.94,781,0.0,1596,4712388.54,1,0,0
34,3,800997.14,3398,0.0,1980,1984296.52,1,0,0
10,3,2385685.67,2303,132.0,2394,8790196.22,1,0,0
16,3,1060164.18,4695,0.0,1685,1560463.99,1,0,0
9,3,1026251.05,3089,1393888.04,1289,4480490.42,1,0,0
10,3,2188932.52,1886,0.0,1143,3179954.41,1,0,0
11,3,1953680.18,1582,279.0,346,1015098.63,1,0,0
10,3,2176411.92,3501,2712.0,612,0.0,1,0,0
17,3,2825734.68,4754,0.0,199,4007633.12,1,0,0
18,3,677546.26,4203,0.0,404,13883197.29,1,0,0
23,3,921843.03,3074,25692.51,1362,1532546.0,1,0,0
36,3,1662498.31,4750,0.0,487,2214877.81,1,0,0
9,3,2498769.37,2877,9321.22,636,2677197.31,1,0,0
9,3,1784492.21,3882,101904.0,1021,3257065.76,1,0,0
6,3,833142.33,4605,0.0,2338,12803092.22,1,0,0
9,3,834391.32,1966,79246.0,1157,0.0,1,0,0
34,3,2113419.75,1054,0.0,210,7028855.54,1,0,0
9,3,1022903.81,747,68259.0,724,0.0,1,0,0
8,3,1478481.17,487,11777.0,1573,1892961.13,1,0,0
15,3,919458.5,169,0.0,1306,4492342.93,1,0,0
9,3,1818982.81,2765,19823.0,359,2744098.6,1,0,0
8,3,1224923.07,1496,0.0,1888,11876905.22,1,0,0
9,3,996754.18,395,0.0,316,1492687.11,1,0,0
8,3,1251335.15,4000,198483.0,1630,0.0,1,0,0
37,3,818546.63,2936,419794.53,1729,3667036.89,1,0,0
9,3,1782449.83,764,0.0,719,3786521.94,1,0,0
10,3,2645530.69,3562,20283.0,555,1843915.67,1,0,0
9,3,2637647.17,2604,40124.0,2328,0.0,1,0,0
42,3,1564361.28,616,10123.73,1339,5611622.01,1,0,0
11,3,697925.97,4824,0.0,2623,848739.09,1,0,0
14,3,674632.55,833,0.0,527,3428249.31,1,0,0
13,3,781832.37,75,0.0,1046,3497219.12,1,0,0
14,3,723822.16,488,287670.95,2307,838736.57,1,0,0
40,3,831399.92,535,0.0,358,3273993.77,1,0,0
17,3,712425.62,1306,0.0,1988,13561017.02,1,0,0
43,3,869346.89,3401,0.0,2391,1032289.59,1,0,0
36,3,871426.26,771,0.0,2287,1823475.82,1,0,0
7,3,2063647.78,3344,0.0,1812,3263237.0,1,0,0
39,3,2053496.96,3604,0.0,1567,3831784.36,1,0,0
11,3,1615985.95,4085,0.0,1246,1984059.48,1,0,0
44,3,1362317.32,3225,0.0,1124,1829463.38,1,0,0
9,3,1315331.94,3120,0.0,1561,4076632.04,1,0,0
13,3,1380312.39,2242,21389.0,2653,2619066.5,1,0,0
7,3,765391.77,3673,0.0,490,1375670.67,1,0,0
37,3,890653.45,1507,0.0,1933,3015830.23,1,0,0
20,3,1526926.69,1115,0.0,1089,2267153.17,1,0,0
15,3,690114.0,1062,203490.0,1260,463609.9,1,0,0
8,3,814282.68,2563,0.0,1989,1045638.91,1,0,0
10,3,1557523.62,4811,0.0,1102,1924862.52,1,0,0
8,3,1423821.49,3643,541791.0,2176,173847.18,1,0,0
22,3,1701174.39,4504,0.0,604,5562212.2,1,0,0
15,3,2030187.46,2346,0.0,805,7156636.61,1,0,0
14,3,741564.9,236,0.0,89,1338098.39,1,0,0
19,3,656980.87,4345,10923.0,1223,4629697.35,1,0,0
9,3,1131123.63,1277,5118.0,1181,0.0,1,0,0
33,3,1399724.61,3870,0.0,91,8652364.8,1,0,0
8,3,2158290.89,2175,0.0,1383,3032527.09,1,0,0
9,3,1454127.36,2330,0.0,2333,1827557.86,1,0,0
9,3,828848.63,4832,0.0,2591,2350677.48,1,0,0
46,3,1285674.17,2050,0.0,998,3464254.09,1,0,0
7,3,771141.14,1058,0.0,2387,5705702.35,1,0,0
44,3,1478994.36,2477,0.0,2271,4977781.46,1,0,0
11,3,680682.25,2808,91141.62,812,1648820.18,1,0,0
11,3,1522821.03,2177,0.0,226,4820997.17,1,0,0
20,3,1133322.93,4932,0.0,683,7498286.8,1,0,0
8,3,798860.3,337,0.0,258,1411708.67,1,0,0
23,3,1483471.18,671,0.0,1270,9325100.48,1,0,0
15,3,679228.88,4831,0.0,1714,3320987.87,1,0,0
10,3,767806.69,2168,0.0,361,5017172.13,1,0,0
20,3,2896065.07,4424,0.0,1808,4529258.22,1,0,0
34,3,884910.11,438,249.0,678,1757416.89,1,0,0
9,3,948441.95,1053,49535.0,2085,860589.5,1,0,0
17,3,1068977.15,4190,20554.0,1629,656942.08,1,0,0
16,3,786854.44,1275,41861.0,950,334916.13,1,0,0
13,3,2064448.55,2086,49546.0,990,3657005.88,1,0,0
11,3,892858.99,2898,0.0,2519,2675299.69,1,0,0
9,3,688591.75,3174,0.0,326,1601791.0,1,0,0
10,3,1930741.55,3444,23145.0,317,561.0,1,0,0
15,3,1654035.23,3204,0.0,2415,13541797.33,1,0,0
9,3,776607.38,1578,0.0,2532,1608784.75,1,0,0
42,3,1131511.51,281,0.0,1405,3537500.35,1,0,0
8,3,1415780.93,2784,0.0,1480,1631540.53,1,0,0
12,3,1488550.12,3672,0.0,318,2064076.13,1,0,0
15,3,1248336.02,3335,9057.0,1091,6961925.34,1,0,0
8,3,3226604.31,2945,13849.61,1745,3835810.24,1,0,0
14,3,869096.08,1181,0.0,602,4219358.14,1,0,0
8,3,668132.98,3463,1079294.14,422,1020779.57,1,0,0
16,3,821503.97,1014,0.0,375,2042691.53,1,0,0
18,3,1814157.84,3897,0.0,2168,2007008.1,1,0,0
44,3,1326026.71,4531,0.0,732,4040644.34,1,0,0
20,3,1948249.7,3051,0.0,1635,4844597.49,1,0,0
9,3,945280.73,4747,335788.32,2649,11956594.11,1,0,0
17,3,1254907.49,3617,0.0,260,5883309.93,1,0,0
8,3,882661.11,2571,101724.0,2351,196739.05,1,0,0
13,3,1329392.52,1238,0.0,2503,1344575.15,1,0,0
12,3,1144171.43,967,2022.0,1347,2937787.86,1,0,0
13,3,2476600.77,2122,21107.0,132,3123384.94,1,0,0
39,3,911721.13,3692,88.0,1874,18454897.71,1,0,0
43,3,2214385.63,4309,0.0,545,2760998.0,1,0,0
16,3,680433.5,3340,0.0,727,1790556.53,1,0,0
8,3,1206510.91,2265,0.0,2620,17849593.98,1,0,0
12,3,673083.48,1803,0.0,1968,2761654.55,1,0,0
13,3,1900186.42,3893,34281.0,2448,299577.74,1,0,0
11,3,1237150.75,3985,0.0,402,1339897.87,1,0,0
19,3,1577332.24,3429,0.0,1979,4513937.94,1,0,0
16,3,1653919.66,4194,0.0,1664,2232119.59,1,0,0
12,3,2132686.37,3395,80236.0,844,93226.0,1,0,0
20,3,850369.78,473,0.0,1854,1338644.21,1,0,0
9,3,718441.52,4862,0.0,566,1217109.66,1,0,0
9,3,2049447.53,3989,51684.0,2009,0.0,1,0,0
33,3,1228202.57,4524,0.0,1791,1483621.04,1,0,0
42,3,1131480.22,2376,93817.89,168,6698641.89,1,0,0
10,3,667714.57,899,1984473.18,1566,2847553.8,1,0,0
10,3,1520627.39,3524,653.0,2039,352736.07,1,0,0
11,3,4293423.61,1007,39608.44,2486,8888347.96,1,0,0
20,3,1836248.25,195,0.0,220,3535780.84,1,0,0
8,3,3231928.32,201,44145.63,2193,11369652.11,1,0,0
13,3,1590022.14,4065,54760.0,1461,3034937.4,1,0,0
9,3,1102245.2,1677,733.0,772,2328967.22,1,0,0
9,3,1148094.92,880,0.0,702,13944090.34,1,0,0
8,3,2700496.21,3238,71252.31,2387,13505074.42,1,0,0
33,3,1453134.47,3126,0.0,1829,3870623.25,1,0,0
19,3,1080573.61,4566,2980.26,2561,4146772.4,1,0,0
15,3,721554.65,4198,51187.0,472,253683.79,1,0,0
12,3,1302331.05,914,0.0,1543,7291543.36,1,0,0
11,3,652285.77,102,0.0,1472,2269542.66,1,0,0
11,3,1547882.98,4660,0.0,200,3448633.74,1,0,0
10,3,1646950.8,2846,0.0,2007,3932054.68,1,0,0
19,3,1457954.72,4455,0.0,20,5768289.17,1,0,0
22,3,1182718.94,4620,20292.67,666,2098237.84,1,0,0
12,3,2226032.76,4753,20424.01,247,3517811.93,1,0,0
44,3,1647333.78,382,0.0,777,4313223.22,1,0,0
14,3,759105.9,1474,2218.3,1779,3420210.51,1,0,0
10,3,917415.81,1161,0.0,69,2041622.42,1,0,0
17,3,1408341.59,3139,167123.0,755,11045438.09,1,0,0
8,3,1236489.87,1591,0.0,1502,2655286.19,1,0,0
14,3,997487.1,1205,36.0,1668,17337.41,1,0,0
11,3,1367886.94,930,0.0,128,3020811.84,1,0,0
6,3,1488547.68,2482,0.0,610,5037279.0,1,0,0
16,3,1191245.01,2103,0.0,842,2581640.89,1,0,0
11,3,921449.64,1560,0.0,2304,4703275.25,1,0,0
12,3,1022659.19,4094,28908.0,485,1460440.47,1,0,0
14,3,690256.76,4438,45633.34,2625,11511804.07,1,0,0
38,3,1099909.6,242,22611.0,1318,3176735.74,1,0,0
33,3,2359856.46,4732,0.0,1651,3683711.26,1,0,0
18,3,664325.35,3412,21226.0,701,19975943.26,1,0,0
11,3,1307124.36,1414,59721.0,732,2337723.27,1,0,0
12,3,1056507.23,2829,0.0,926,3944612.81,1,0,0
15,3,1158653.03,2364,0.0,1991,1301022.88,1,0,0
12,3,989519.9,3786,0.0,2094,1169163.9,1,0,0
11,3,1123306.59,900,0.0,2602,2565139.29,1,0,0
25,3,1205048.29,3796,0.0,2124,1734894.8,1,0,0
9,3,1074368.9,2635,1772.0,2179,164003.18,1,0,0
16,3,840476.83,3841,0.0,2619,2379908.93,1,0,0
13,3,721970.11,4794,109798.0,55,229558.0,1,0,0
23,3,1489408.94,4467,0.0,2315,5690613.47,1,0,0
13,3,1255008.58,4036,20930.0,2075,1328202.53,1,0,0
18,3,1584185.3,212,53639.0,503,4145612.42,1,0,0
13,3,752094.22,1991,0.0,808,2828174.71,1,0,0
39,3,792638.01,3699,0.0,746,10484518.09,1,0,0
18,3,872738.45,4364,15334.0,855,2480568.5,1,0,0
11,3,2822869.48,2009,76794.94,629,5532688.84,1,0,0
17,3,1651268.74,2733,10738.0,120,5655285.87,1,0,0
9,3,1440876.91,4417,106183.0,2216,231584.78,1,0,0
38,3,1472675.38,2282,219.0,119,11683415.32,1,0,0
35,3,1538332.59,4767,0.0,1985,1652174.23,1,0,0
10,3,1117591.3,387,0.0,742,1283118.65,1,0,0
13,3,876975.1,2798,0.0,706,6764277.44,1,0,0
14,3,926369.01,3063,0.0,1035,1228859.94,1,0,0
10,3,2138525.59,2941,763115.88,1700,5849646.96,1,0,0
41,3,1303641.68,1858,0.0,1987,24006130.89,1,0,0
394,0,278937.79,2169,41104.0,1783,1015669.92,0,0,0
33,3,1008577.23,2450,0.0,2164,8594299.95,1,0,0
8,3,1182230.58,2633,56689.3,2323,0.0,1,0,0
13,3,1138569.76,3160,0.0,1984,2975988.34,1,0,0
46,3,1792689.66,1893,0.0,1752,17598314.11,1,0,0
18,3,730575.36,2444,23533.67,2518,7911937.78,1,0,0
42,3,1058830.06,2441,0.0,315,3865371.19,1,0,0
9,3,832212.07,4319,0.0,1293,1233181.24,1,0,0
19,3,2371623.65,4554,0.0,863,20473215.9,1,0,0
8,3,903451.6,250,0.0,2149,2190857.28,1,0,0
10,3,961311.94,274,0.0,1755,1495962.06,1,0,0
8,3,661077.07,3857,0.0,139,1627596.27,1,0,0
34,3,2403221.4,2164,10485.72,979,4984146.76,1,0,0
11,3,862952.05,1044,0.0,1599,3563836.64,1,0,0
12,3,740811.33,3690,74700.0,458,0.0,1,0,0
19,3,991637.13,221,0.0,2614,5369456.0,1,0,0
13,3,1300114.85,4118,0.0,1734,2348240.07,1,0,0
10,3,814549.21,4878,0.0,1910,1503455.91,1,0,0
1,3,902505.61,1939,0.0,2566,1571970.16,1,0,0
35,3,1100131.08,172,0.0,48,4484297.27,1,0,0
44,3,2026224.94,51,0.0,491,6294337.23,1,0,0
18,3,1226376.08,4500,0.0,1777,2827581.97,1,0,0
8,3,971258.64,1301,0.0,2196,1152755.93,1,0,0
36,3,1274539.78,674,0.0,1559,9695543.37,1,0,0
8,3,860911.05,3575,110339.13,2337,0.0,1,0,0
40,3,2187732.13,3322,0.0,1991,4329665.85,1,0,0
12,3,1663745.03,4155,0.0,736,3121793.04,1,0,0
16,3,1909925.84,3164,0.0,1078,27591063.39,1,0,0
17,3,1073675.51,4925,0.0,603,8823433.39,1,0,0
9,3,2052057.69,3720,50293.0,1171,0.0,1,0,0
40,3,3051328.1,848,0.0,2139,3617074.62,1,0,0
11,3,790154.46,3576,0.0,2284,9317988.47,1,0,0
44,3,2223424.26,2409,0.0,2343,5757520.24,1,0,0
9,3,756498.35,3908,0.0,787,11900675.98,1,0,0
14,3,1974844.37,3729,0.0,2457,4555403.3,1,0,0
13,3,938424.36,2343,1324387.6,1409,2236543.13,1,0,0
19,3,1295044.99,653,0.0,608,2919773.91,1,0,0
18,3,1412440.0,3541,0.0,2477,2439645.9,1,0,0
8,3,858766.84,3436,0.0,1599,877929.84,1,0,0
8,3,1723956.99,2680,0.0,1353,2074336.55,1,0,0
36,3,870387.12,1485,51719.0,331,1483651.98,1,0,0
17,3,1747136.93,1419,0.0,414,6467174.94,1,0,0
12,3,2116900.45,399,19831.03,2549,3913244.62,1,0,0
12,3,1053910.21,4944,0.0,1979,2112569.43,1,0,0
18,3,1538987.67,1592,0.0,353,2296400.77,1,0,0
10,3,2054809.0,566,0.0,1478,6486257.39,1,0,0
36,3,1001344.23,474,534233.38,2118,7832785.82,1,0,0
10,3,1502323.6,2612,922.0,192,0.0,1,0,0
10,3,1020002.18,4233,39657.0,1733,10013496.56,1,0,0
16,3,780564.63,3411,58977.08,170,1110119.84,1,0,0
18,3,871778.66,3094,179570.8,357,2295300.97,1,0,0
8,3,954767.28,1325,14425.0,607,228730.86,1,0,0
11,3,770237.75,4064,0.0,1459,3287603.97,1,0,0
10,3,756277.83,1038,0.0,1403,2837878.22,1,0,0
34,3,975458.21,1868,10830.0,1242,643817.69,1,0,0
9,3,1601662.76,3274,20223.0,151,105803.76,1,0,0
12,3,868064.56,2213,63429.88,1011,8197901.33,1,0,0
38,3,4229432.29,4815,0.0,765,5346470.25,1,0,0
45,3,1296265.17,4896,0.0,41,5036557.27,1,0,0
9,3,3804148.28,573,0.0,178,17202746.09,1,0,0
10,3,900553.54,508,0.0,1559,1713876.3,1,0,0
9,3,2952815.41,2093,959562.64,178,22909172.69,1,0,0
41,3,1421827.83,4287,46280.7,2082,4582608.91,1,0,0
11,3,659273.19,1479,0.0,1351,1434140.33,1,0,0
20,3,2401117.24,4730,0.0,414,10615723.17,1,0,0
16,3,1066706.14,16,828287.0,2353,8678491.62,1,0,0
13,3,931886.05,1758,64394.83,1588,1136666.3,1,0,0
9,3,1150290.02,1742,248861.97,1655,3122825.05,1,0,0
9,3,1595061.49,3370,19999.0,492,418866.95,1,0,0
13,3,1193056.97,2223,0.0,26,5453845.11,1,0,0
9,3,747413.54,461,0.0,141,1320254.31,1,0,0
15,3,991105.65,155,0.0,1172,4822896.54,1,0,0
11,3,1745919.1,1828,0.0,2031,5349861.61,1,0,0
12,3,1703769.94,247,0.0,1352,2362681.22,1,0,0
8,3,1140921.32,4921,303909.0,1079,6135.24,1,0,0
16,3,992601.47,3941,0.0,1406,2738290.53,1,0,0
9,3,944474.76,4673,0.0,908,1469137.4,1,0,0
9,3,1494210.35,3251,30247.67,1603,2722191.41,1,0,0
15,3,913325.99,4521,0.0,2123,3222884.08,1,0,0
47,3,2468249.18,4851,0.0,1502,13252026.8,1,0,0
11,3,1532426.75,4035,0.0,1796,1870058.01,1,0,0
10,3,3203020.65,662,0.0,986,7617964.67,1,0,0
13,3,2094753.64,1220,0.0,805,4442349.52,1,0,0
10,3,1388343.88,175,6586.0,306,701055.68,1,0,0
12,3,745948.01,1006,0.0,1490,2853341.13,1,0,0
8,3,1801763.17,1314,118449.0,401,55812.92,1,0,0
10,3,870299.3,1811,8548.0,14,0.0,1,0,0
10,3,1002632.27,1382,12054.0,155,13590566.05,1,0,0
13,3,1238626.64,4568,0.0,2637,3204562.81,1,0,0
9,3,778539.77,4508,0.0,847,1291543.82,1,0,0
33,3,2914795.63,3148,10901.71,937,5662631.02,1,0,0
41,3,1054415.18,924,8070.0,1157,2960033.33,1,0,0
13,3,785612.77,3028,0.0,2115,4591359.29,1,0,0
33,3,1767175.96,3834,7337.0,825,2288843.06,1,0,0
7,3,717318.86,576,0.0,701,8994590.18,1,0,0
13,3,1416079.8,1265,10689.0,2330,1075070.02,1,0,0
8,3,1265261.48,2790,0.0,117,3154359.95,1,0,0
21,3,880167.99,1171,0.0,913,2094568.2,1,0,0
7,3,731485.29,4335,0.0,2387,3504660.25,1,0,0
10,3,1711671.65,3231,0.0,988,4169294.61,1,0,0
7,3,652011.16,2421,0.0,1305,901482.77,1,0,0
10,3,792314.47,1183,0.0,583,5310845.86,1,0,0
9,3,2794908.77,749,0.0,1185,3954177.15,1,0,0
10,3,1373879.05,3194,33124.0,2204,53734.75,1,0,0
12,3,698959.7,2735,0.0,167,1156356.87,1,0,0
15,3,761936.37,3192,17486.0,74,8665049.74,1,0,0
10,3,1158793.97,192,1322753.59,1268,0.0,1,0,0
36,3,1145232.13,3598,0.0,2605,2688447.22,1,0,0
9,3,648900.61,1707,150724.61,2269,3486.42,1,0,0
8,3,1250225.15,4,104189.0,725,0.0,1,0,0
12,3,1036476.66,4901,14451.0,1785,488223.5,1,0,0
42,3,1361690.78,196,0.0,2464,22034764.06,1,0,0
37,3,1628144.33,1913,6345.0,2568,2977092.87,1,0,0
9,3,1706979.35,2004,0.0,1088,2262387.36,1,0,0
10,3,1673735.47,4958,0.0,1334,1820840.59,1,0,0
9,3,1622881.2,4439,20048.0,1700,511545.97,1,0,0
8,3,875890.91,2767,278.0,2208,4522236.63,1,0,0
33,3,1036912.77,2094,0.0,2416,2029788.08,1,0,0
13,3,1471955.02,4358,1971126.21,1841,2481402.09,1,0,0
13,3,1748196.28,303,0.0,511,6616516.07,1,0,0
42,3,2628156.87,4843,0.0,16,12547874.34,1,0,0
10,3,751982.35,2788,0.0,1107,8805562.01,1,0,0
16,3,999252.58,2992,0.0,1483,1771344.14,1,0,0
14,3,894459.64,580,0.0,2247,3394122.23,1,0,0
19,3,1216883.33,2863,0.0,1190,3943168.68,1,0,0
12,3,647923.81,3635,0.0,44,3965111.9,1,0,0
7,3,1027015.31,246,339.0,798,133344.4,1,0,0
11,3,1272746.14,170,1440.0,1503,664558.81,1,0,0
36,3,1135236.55,4005,0.0,1966,6227717.69,1,0,0
13,3,741019.96,3385,0.0,441,6791206.94,1,0,0
10,3,1687470.64,2559,0.0,626,5962034.59,1,0,0
11,3,1807768.92,1760,53077.0,2028,3118405.6,1,0,0
8,3,2486178.89,2152,0.0,985,4060845.2,1,0,0
47,3,1494322.3,2852,0.0,2456,7529010.98,1,0,0
12,3,1237037.76,1944,2629.0,857,648014.43,1,0,0
42,3,791128.42,666,0.0,605,5727842.0,1,0,0
16,3,753369.19,1720,70933.96,1156,761557.83,1,0,0
11,3,1191895.07,345,925240.14,2086,5879366.19,1,0,0
13,3,1255359.69,2817,0.0,2280,1349154.67,1,0,0
9,3,1771808.31,1963,70953.0,1896,3214496.34,1,0,0
8,3,1269386.75,1159,0.0,1904,2017357.26,1,0,0
41,3,1204115.07,3230,0.0,519,18259815.48,1,0,0
16,3,670249.79,2737,0.0,404,12995301.45,1,0,0
17,3,1223103.16,4743,0.0,2273,10746666.12,1,0,0
11,3,782427.9,2513,0.0,1646,1042271.89,1,0,0
10,3,1985307.8,1870,5209.0,20,2539302.45,1,0,0
8,3,1875991.43,3350,20.31,78,4844371.73,1,0,0
21,3,2083576.82,4399,0.0,908,5468639.32,1,0,0
19,3,1177183.25,1416,0.0,1384,1354457.86,1,0,0
18,3,1512180.16,3086,0.0,832,2195264.68,1,0,0
34,3,1014283.84,2031,0.0,1441,4784269.6,1,0,0
39,3,1595792.31,4167,0.0,2125,3856538.96,1,0,0
36,3,1463181.37,1089,82181.65,347,2562317.32,1,0,0
10,3,1933401.45,1430,5043.0,903,0.0,1,0,0
11,3,1187138.16,4250,1794142.51,1704,12138212.04,1,0,0
16,3,1118293.98,2097,0.0,182,1982055.1,1,0,0
13,3,889983.29,2381,16390.64,27,5084696.84,1,0,0
11,3,1082598.45,1130,4321.45,1690,3700045.77,1,0,0
14,3,2090323.33,2752,21052.0,1800,7995762.77,1,0,0
20,3,1654935.97,2962,0.0,1517,4097428.35,1,0,0
9,3,1927290.46,1657,0.0,2031,2838953.08,1,0,0
17,3,1738216.03,3316,0.0,2480,6463176.48,1,0,0
34,3,1735850.34,2134,0.0,482,6603361.47,1,0,0
10,3,874404.15,2151,0.0,131,16254683.07,1,0,0
11,3,990685.9,594,0.0,1338,2020704.27,1,0,0
17,3,1455637.68,2116,759.0,336,1382042.67,1,0,0
13,3,744021.68,3015,27809.0,1602,553539.71,1,0,0
14,3,845763.85,2448,0.0,1551,1199221.82,1,0,0
33,3,1654913.25,3709,215342.17,2419,2928777.7,1,0,0
11,3,1501288.42,4304,435803.71,2354,2525857.76,1,0,0
20,3,1357200.73,706,0.0,1240,1626458.19,1,0,0
13,3,1467840.98,4469,384703.83,1387,6753957.87,1,0,0
10,3,1749824.2,3701,29975.3,936,1829098.1,1,0,0
10,3,1223496.14,3976,0.0,1844,2767033.26,1,0,0
7,3,2153550.39,855,0.0,2569,12679862.3,1,0,0
33,3,917892.53,2076,0.0,709,7111102.41,1,0,0
24,3,1066054.82,2837,0.0,2339,9063444.99,1,0,0
22,3,3254144.66,1526,26723.14,2073,9111290.71,1,0,0
45,3,1778645.1,258,0.0,613,6716264.82,1,0,0
8,3,1871783.84,316,80.0,1726,2405.31,1,0,0
10,3,3017287.8,1551,222073.47,706,0.0,1,0,0
34,3,1352872.37,3837,0.0,827,2980180.22,1,0,0
12,3,654899.13,52,29799.0,370,861646.53,1,0,0
9,3,690555.52,2449,861193.58,801,3993481.82,1,0,0
34,3,791569.05,688,0.0,1613,7213646.13,1,0,0
14,3,998371.72,931,0.0,2349,1270263.65,1,0,0
37,3,1173407.16,348,48395.16,1750,24903070.46,1,0,0
10,3,1518249.95,4885,97418.0,394,0.0,1,0,0
12,3,2026801.6,2757,5068.0,107,99034.9,1,0,0
11,3,2462072.08,3965,0.0,531,2735480.21,1,0,0
15,3,1047306.66,125,0.0,437,3741776.68,1,0,0
18,3,801330.07,558,9135.98,2660,9825337.68,1,0,0
19,3,963717.81,3514,0.0,622,1256910.22,1,0,0
10,3,2893217.94,3836,120694.16,1526,8665213.82,1,0,0
13,3,1033628.76,4452,401887.0,1892,280482.23,1,0,0
10,3,1094088.39,2087,0.0,287,13247704.05,1,0,0
16,3,966015.53,2590,0.0,1414,1263087.19,1,0,0
9,3,1834320.68,3571,0.0,752,7670959.34,1,0,0
45,3,4026535.22,2977,0.0,30,6620962.05,1,0,0
22,3,839614.37,95,0.0,618,2612347.21,1,0,0
40,3,958909.22,2753,58942.24,2487,3144335.68,1,0,0
21,3,1094055.37,746,0.0,1989,12942188.99,1,0,0
14,3,848467.69,126,0.0,346,2636862.94,1,0,0
10,3,2917742.88,2924,646.0,1052,3824350.23,1,0,0
8,3,847149.54,2927,12727.0,1314,281879.9,1,0,0
12,3,1520439.74,1483,0.0,180,2020467.5,1,0,0
13,3,775034.12,1821,0.0,1505,2324495.42,1,0,0
10,3,2121878.54,85,2737362.01,1792,5020232.31,1,0,0
11,3,1261124.42,2096,707.0,2016,545812.45,1,0,0
14,3,662749.32,1794,0.0,969,5180608.48,1,0,0
8,3,1286256.56,1235,0.0,185,5002520.18,1,0,0
7,3,1298848.87,141,8439.13,1069,1519512.39,1,0,0
12,3,2666514.17,2579,16857.0,2113,0.0,1,0,0
20,3,1406196.57,951,0.0,2635,5585130.63,1,0,0
10,3,1243235.76,4858,0.0,2240,1347794.11,1,0,0
12,3,2131273.02,3140,77800.0,1962,1628173.63,1,0,0
12,3,2343690.56,1967,11442.0,2279,355094.51,1,0,0
9,3,992907.94,3249,0.0,702,14881252.79,1,0,0
7,3,875756.9,4907,2558.0,1659,0.0,1,0,0
9,3,786856.7,1575,0.0,1421,1910492.38,1,0,0
12,3,1375690.4,4567,0.0,683,4031276.1,1,0,0
18,3,759672.09,3558,0.0,828,6753572.72,1,0,0
17,3,648158.95,472,335642.43,159,888073.28,1,0,0
10,3,756538.02,2035,0.0,2346,1050108.14,1,0,0
42,3,823000.61,2060,21697.0,1382,1103180.05,1,0,0
16,3,1559564.21,4180,0.0,820,4339115.93,1,0,0
9,3,969705.27,2332,0.0,657,12669803.89,1,0,0
14,3,842319.03,213,0.0,1227,4280469.87,1,0,0
16,3,787097.27,1236,0.0,1198,1965593.17,1,0,0
7,3,768235.45,2080,402186.0,2409,11638.0,1,0,0
10,3,995388.52,2719,0.0,1845,13455574.77,1,0,0
13,3,1022269.45,3497,0.0,1025,1602952.21,1,0,0
36,3,1617107.75,3494,0.0,1398,6626041.56,1,0,0
15,3,722941.93,1820,0.0,301,1452216.09,1,0,0
41,3,982053.65,4621,0.0,471,1873523.24,1,0,0
12,3,1798573.31,3823,10470.0,1116,2262028.83,1,0,0
11,3,910086.37,346,6045.0,1463,84044.34,1,0,0
9,3,1255589.15,1922,20048.0,1593,782873.48,1,0,0
38,3,3638369.56,1323,0.0,2250,7146661.8,1,0,0
11,3,1335602.19,1756,796471.56,1133,0.0,1,0,0
34,3,3404139.63,2967,0.0,2299,9169535.27,1,0,0
14,3,1868358.45,2712,0.0,43,2104471.19,1,0,0
11,3,829796.51,4339,0.0,87,1070035.73,1,0,0
43,3,880980.28,3402,0.0,1945,4137297.07,1,0,0
11,3,1135240.72,401,0.0,1238,5411581.82,1,0,0
39,3,1214245.97,4729,212678.0,121,0.0,1,0,0
2,3,744654.21,1996,0.0,2193,6942242.08,1,0,0
9,3,2393274.09,2946,0.0,670,6937807.66,1,0,0
44,3,2100949.0,8,0.0,1754,6026281.75,1,0,0
11,3,1568588.68,38,1062.0,220,255570.12,1,0,0
9,3,1253899.36,1079,0.0,1480,4878808.45,1,0,0
8,3,1903560.15,2204,0.0,775,6380456.2,1,0,0
24,3,672755.27,3594,0.0,482,4888724.4,1,0,0
21,3,2390042.36,176,0.0,2438,5006152.76,1,0,0
8,3,1273496.01,2372,613127.69,2366,2132696.75,1,0,0
8,3,895279.82,1770,10435.0,205,42751.0,1,0,0
19,3,928832.68,3596,58450.98,2136,1005127.08,1,0,0
16,3,1219516.44,1711,39398.43,682,1335753.38,1,0,0
19,3,2492368.56,3301,0.0,88,14689936.71,1,0,0
8,3,2423847.73,3260,0.0,1212,22531390.35,1,0,0
19,3,1538052.46,1351,306525.57,1212,29178869.19,1,0,0
16,3,932002.82,202,0.0,1374,1069704.49,1,0,0
9,3,756821.46,4483,15952.0,1126,36021.0,1,0,0
19,3,675880.68,1916,77740.21,1521,1408306.59,1,0,0
12,3,853185.89,3829,0.0,481,4335718.78,1,0,0
8,3,656534.25,1456,0.0,1052,1366592.94,1,0,0
19,3,1325970.55,3438,134772.34,2572,29934973.09,1,0,0
9,3,1433128.07,1872,31225.0,908,40902.0,1,0,0
8,3,1201899.26,3650,0.0,186,3055905.12,1,0,0
9,3,2605319.56,4308,0.0,681,5310403.99,1,0,0
18,3,859394.0,48,0.0,2255,1661128.69,1,0,0
9,3,1601765.3,4499,1312.0,316,29541.89,1,0,0
8,3,1378927.52,3096,223819.99,574,17250.0,1,0,0
13,3,1459233.13,4071,170.0,2510,0.0,1,0,0
14,3,1038723.85,932,0.0,866,17246195.64,1,0,0
12,3,1486406.99,984,0.0,334,2282596.51,1,0,0
34,3,2578759.69,424,0.0,987,12839589.42,1,0,0
8,3,912795.71,4627,188.0,2264,5868.6,1,0,0
15,3,1002154.08,1418,0.0,2025,4929111.82,1,0,0
19,3,1665824.58,183,0.0,442,1767481.64,1,0,0
8,3,1296518.75,4957,0.0,1901,10385930.78,1,0,0
8,3,2140316.07,1701,71.0,2429,59718.17,1,0,0
9,3,2759983.78,2849,50242.0,1596,92322.89,1,0,0
8,3,2081862.72,4351,21394.0,529,32375.44,1,0,0
18,3,972224.92,4324,70070.0,53,4835736.59,1,0,0
8,3,1316691.02,3004,0.0,1230,6044989.14,1,0,0
20,3,981490.2,2672,0.0,2347,5714559.73,1,0,0
20,3,774753.14,2193,0.0,1097,2105118.37,1,0,0
11,3,1602952.21,1548,31469.0,1025,0.0,1,0,0
8,3,702077.82,282,0.0,2538,10617410.49,1,0,0
10,3,3049437.48,604,121543.81,2201,5726268.34,1,0,0
33,3,1560273.21,2320,39921.0,1214,1021171.48,1,0,0
11,3,777023.89,342,0.0,1121,16321945.46,1,0,0
18,3,854344.33,3462,0.0,995,7064389.57,1,0,0
7,3,1060923.35,4481,0.0,484,1227405.72,1,0,0
12,3,689188.93,1201,0.0,2359,1454955.83,1,0,0
8,3,1266354.01,3248,2333.47,753,2625001.78,1,0,0
9,3,1221935.41,4707,10045.0,51,30087.0,1,0,0
14,3,855358.2,2643,0.0,751,11787651.34,1,0,0
16,3,1554223.38,4278,0.0,2538,18394284.35,1,0,0
35,3,1380570.07,3592,0.0,1194,3117164.64,1,0,0
9,3,1492473.77,4806,222083.34,1238,2536018.34,1,0,0
11,3,673244.76,352,0.0,179,2331280.66,1,0,0
8,3,798422.71,4362,0.0,840,881727.02,1,0,0
36,3,1173471.71,4280,0.0,1963,8998010.33,1,0,0
8,3,1642623.43,944,189407.91,2170,2463244.43,1,0,0
10,3,866481.06,1242,1417638.36,222,2873162.85,1,0,0
10,3,707204.9,2823,24154.94,194,3271512.98,1,0,0
8,3,1148892.85,1530,10386.0,1904,0.0,1,0,0
43,3,2602140.9,3103,0.0,817,9782395.08,1,0,0
8,3,2001378.66,878,11374.0,1644,0.0,1,0,0
15,3,1480390.42,1590,0.0,2456,3656002.73,1,0,0
11,3,1480882.64,1219,531.0,2655,374243.29,1,0,0
42,3,1099093.05,935,0.0,19,6422545.66,1,0,0
16,3,850985.04,4409,0.0,2364,2750312.34,1,0,0
10,3,813964.05,3336,0.0,1457,1099249.24,1,0,0
36,3,825311.87,3715,0.0,1497,4668302.49,1,0,0
9,3,1343728.53,4936,271300.0,1276,5079.0,1,0,0
9,3,1010636.26,4022,0.0,840,1026125.58,1,0,0
10,3,1508607.37,2587,0.0,1231,3525844.84,1,0,0
43,3,1527077.22,1645,0.0,2049,5183478.65,1,0,0
12,3,1717220.6,3198,0.0,700,4204220.56,1,0,0
12,3,1296540.98,2811,0.0,661,2633218.66,1,0,0
44,3,1499331.74,4883,0.0,1075,1850831.17,1,0,0
8,3,1470566.5,3081,206252.01,2233,1502328.98,1,0,0
36,3,1153122.23,1288,66556.23,1514,4386558.84,1,0,0
37,3,1497559.9,2278,317789.5,1194,5179182.59,1,0,0
7,3,1588560.25,886,0.0,1812,1674676.75,1,0,0
9,3,1035358.44,3804,0.0,456,3435514.24,1,0,0
14,3,1054929.32,656,21810.0,1026,2057364.95,1,0,0
12,3,1147661.77,2334,0.0,751,10908705.76,1,0,0
16,3,1029447.71,1185,0.0,2660,8718963.7,1,0,0
401,3,136098.79,4263,0.0,2408,213796.62,1,0,0
10,3,868998.19,505,0.0,901,2984214.68,1,0,0
17,3,967120.8,1799,0.0,1798,1581872.35,1,0,0
9,3,2445953.84,997,274602.45,1076,3613704.33,1,0,0
17,3,1199943.91,3570,0.0,1810,1949310.75,1,0,0
37,3,2183199.23,2929,10012.0,1936,7520474.45,1,0,0
11,3,1068257.57,109,102391.42,2230,4541579.93,1,0,0
11,3,788363.16,2685,883696.0,688,6252918.71,1,0,0
14,3,740205.34,4746,840364.51,787,19012268.35,1,0,0
42,3,1791429.53,4264,0.0,149,2700136.4,1,0,0
23,3,1687127.85,4150,0.0,2181,3219026.76,1,0,0
33,3,920553.18,1800,0.0,578,1075309.66,1,0,0
33,3,1136545.05,649,17181.9,2424,3427945.66,1,0,0
38,3,914433.18,3058,0.0,55,2763532.36,1,0,0
13,3,794316.55,4577,0.0,2196,6631697.97,1,0,0
24,3,1816580.37,3551,0.0,58,4740322.98,1,0,0
14,3,1786468.99,2297,6003.0,988,6207558.1,1,0,0
16,3,684461.53,3664,120111.0,523,379905.84,1,0,0
11,3,784790.97,3633,0.0,1278,1377193.86,1,0,0
12,3,1120737.57,949,32202.0,2460,0.0,1,0,0
9,3,1226645.21,1094,80537.0,605,972596.15,1,0,0
12,3,1461046.76,2938,28829.24,119,7506852.26,1,0,0
9,3,1761361.06,1555,0.0,25,2486717.9,1,0,0
19,3,710633.77,2286,23800.94,1725,2539554.44,1,0,0
9,3,933288.86,1809,0.0,2393,29246489.27,1,0,0
10,3,1436970.7,1739,2586.0,1730,1910897.06,1,0,0
19,3,691770.77,2871,0.0,1821,1500182.73,1,0,0
7,3,1123213.77,4651,20738.0,985,0.0,1,0,0
10,3,917430.49,1862,11301.0,461,3226132.91,1,0,0
16,3,2006222.54,124,0.0,1954,2502853.9,1,0,0
12,3,1763829.37,2486,64835.0,1968,5548014.74,1,0,0
42,3,989328.63,1960,0.0,407,5229053.45,1,0,0
20,3,758173.41,3428,0.0,1827,2907397.3,1,0,0
38,3,878159.8,774,0.0,873,3215125.23,1,0,0
19,3,728925.51,4725,100647.7,1671,2776490.02,1,0,0
12,3,1194030.71,1274,32713.0,2425,637495.73,1,0,0
14,3,1074646.15,1433,0.0,497,2437617.05,1,0,0
12,3,759636.43,22,0.0,1950,4302184.19,1,0,0
8,3,1699451.57,470,10180.0,1936,0.0,1,0,0
15,3,850364.85,3787,0.0,758,5818804.17,1,0,0
24,3,1666594.19,2263,0.0,2041,3272371.45,1,0,0
12,3,1194805.71,1722,0.0,513,1836390.29,1,0,0
9,3,1381200.17,4183,16164.0,1161,3655809.05,1,0,0
11,3,1803130.53,3321,0.0,2526,17930333.33,1,0,0
42,3,2329617.01,1184,0.0,876,4895783.67,1,0,0
12,3,893908.51,4892,304.67,380,1279618.33,1,0,0
12,3,891272.51,265,67081.4,242,945079.8,1,0,0
9,3,722913.78,3791,0.0,408,1618631.97,1,0,0
10,3,1184117.64,1636,90672.0,633,95156.56,1,0,0
12,3,809873.17,2229,0.0,2616,2161692.72,1,0,0
11,3,1897384.32,2809,0.0,2149,5627722.85,1,0,0
11,3,946260.01,3766,13821.0,964,1970444.55,1,0,0
47,3,821900.11,1813,0.0,54,1653167.89,1,0,0
17,3,828969.85,3459,0.0,249,3270049.55,1,0,0
9,3,927407.75,2491,0.0,1107,7798950.99,1,0,0
13,3,668936.84,1664,0.0,1452,2354518.92,1,0,0
9,3,1939765.75,2541,0.0,1675,1948647.28,1,0,0
10,3,1358814.02,4445,143157.69,1231,1691886.95,1,0,0
8,3,1128737.49,887,0.0,1148,8078593.3,1,0,0
9,3,1987680.37,3812,297246.38,1257,2784402.02,1,0,0
41,3,3770764.77,925,0.0,76,9781912.33,1,0,0
33,3,1342810.49,901,5204.69,1087,3606557.26,1,0,0
19,3,1219875.49,1822,81749.0,400,1417689.91,1,0,0
21,3,1242985.45,4436,0.0,1311,4148791.33,1,0,0
10,3,1763501.69,3788,25514.0,598,1039133.29,1,0,0
39,3,1747502.44,2478,61921.53,1538,2271079.17,1,0,0
                                                                                                                                                                                                                                                                                                                                                                                                                                                                                                                                                                                                                                                                                                                                                                                                                                                                                                                                                                                                                                                                                                                 36,3,1086124.82,1896,0.0,1919,1246348.7,1,0,0
37,3,946246.04,1452,3510.53,1916,12077274.14,1,0,0
14,3,1568431.89,122,0.0,349,2654769.33,1,0,0
8,3,729367.44,589,10789.0,2470,25795.0,1,0,0
10,3,1822318.8,373,16635.62,607,8670058.19,1,0,0
13,3,1083373.89,2384,0.0,1093,3915289.35,1,0,0
16,3,1011444.18,4232,0.0,2445,1798527.16,1,0,0
18,3,1942842.9,1459,0.0,1443,3436667.68,1,0,0
10,3,2672647.61,1976,0.0,2293,214911.36,1,0,0
9,3,2535919.17,1239,0.0,1253,14774847.43,1,0,0
22,3,1670357.41,4317,213970.55,539,2538043.6,1,0,0
34,3,1421182.76,701,0.0,2182,2334124.82,1,0,0
12,3,2181946.99,755,0.0,1951,3085223.11,1,0,0
37,3,1206372.82,4359,0.0,1286,9522146.1,1,0,0
10,3,696459.01,4496,0.0,125,904307.5,1,0,0
8,3,915014.91,528,0.0,34,4226203.65,1,0,0
34,3,1829772.31,2975,121.0,1969,1781958.39,1,0,0
8,3,1866308.05,595,11579.0,1667,117743.03,1,0,0
13,3,919530.83,4738,120995.01,526,367405.75,1,0,0
36,3,1095118.22,2637,0.0,2406,9731484.51,1,0,0
14,3,1047833.48,4368,74043.0,1884,22997171.3,1,0,0
1,3,789419.02,4688,0.0,389,1967540.22,1,0,0
13,3,1152243.9,2843,0.0,2461,1465394.61,1,0,0
9,3,1497030.94,205,85720.0,1140,19869.0,1,0,0
8,3,1392377.32,432,0.0,356,21395094.56,1,0,0
16,3,1818561.19,795,214289.76,470,5322255.89,1,0,0
8,3,838333.81,2310,0.0,40,5073410.09,1,0,0
40,3,3630861.49,4799,0.0,1487,3955626.3,1,0,0
18,3,877453.13,3705,0.0,1622,1743153.02,1,0,0
12,3,798290.72,467,59510.0,215,2410728.36,1,0,0
12,3,884980.86,4025,75415.0,2163,1544945.26,1,0,0
15,3,655211.79,891,1398731.83,1193,2821123.39,1,0,0
12,3,2051195.9,3725,273227.23,674,5696659.28,1,0,0
17,3,1876423.69,1345,21342.0,2622,5992352.63,1,0,0
10,3,2281505.46,3283,753.0,674,291767.24,1,0,0
44,3,2467853.28,421,0.0,997,6272069.41,1,0,0
14,3,711930.08,2289,0.0,481,5662676.26,1,0,0
8,3,700941.98,4087,11516.0,1228,0.0,1,0,0
9,3,1116547.61,765,0.0,111,4094687.06,1,0,0
16,3,785460.14,3830,0.0,407,3766934.66,1,0,0
12,3,897687.24,2349,0.0,401,3333346.38,1,0,0
13,3,2050891.43,2891,0.0,591,2243954.82,1,0,0
41,3,2311972.5,1624,282502.86,2476,4156083.53,1,0,0
14,3,670277.27,2842,0.0,672,3057162.66,1,0,0
8,3,1206472.83,411,0.0,945,1683027.74,1,0,0
41,3,1936554.23,2802,0.0,112,4991350.85,1,0,0
11,3,1105180.01,1817,2292490.52,728,2797725.54,1,0,0
11,3,1133988.3,1556,0.0,778,1499418.28,1,0,0
9,3,757662.94,1904,0.0,936,1314662.8,1,0,0
9,3,1194485.85,4161,0.0,1554,2881331.66,1,0,0
37,3,814475.87,3610,50146.0,2469,3342144.38,1,0,0
19,3,1236208.07,1050,0.0,2427,2305386.85,1,0,0
10,3,696680.56,1036,0.0,490,13741833.9,1,0,0
40,3,1157073.52,4093,0.0,1689,1313431.07,1,0,0
8,3,3498660.78,2487,114630.25,2464,9107830.91,1,0,0
15,3,2143406.18,1146,0.0,173,7630981.03,1,0,0
22,3,1691087.15,4774,0.0,1228,7056503.32,1,0,0
14,3,1314881.35,3296,0.0,1584,2591606.73,1,0,0
14,3,2291393.07,717,0.0,2506,3729395.93,1,0,0
10,3,921947.21,812,0.0,2249,5327353.46,1,0,0
15,3,882244.12,3872,0.0,1197,3565395.8,1,0,0
40,3,1655925.84,3082,0.0,1662,2364021.47,1,0,0
14,3,649021.22,1797,0.0,1252,930385.02,1,0,0
9,3,3003424.66,3308,12128.0,826,100631.63,1,0,0
